Candidate,Position,Start Date,End Date,Years of Experience,Points,,,,,,,,,,,,
Barack Obama,President,1/20/2009,1/20/2017,8.005479452,190,,,,,,,,,,,,
Barack Obama,Secretary of State,,,0,0,,,,,,,,,,,,
Barack Obama,Secretary of Defense,,,0,0,,,,,,,,,,,,
Barack Obama,Secretary of Treasury,,,0,0,,,,,,,,,,,,
Barack Obama,Vice President,,,0,0,,,,,,,,,,,,
Barack Obama,Attorney General,,,0,0,,,,,,,,,,,,
Barack Obama,Military Supreme Commander,,,0,0,,,,,,,,,,,,
Barack Obama,Secretary of Homeland Security,,,0,0,,,,,,,,,,,,
Barack Obama,Presidential Chief of Staff,,,0,0,,,,,,,,,,,,
Barack Obama,Governor,,,0,0,,,,,,,,,,,,
Barack Obama,Speaker of the House,,,0,0,,,,,,,,,,,,
Barack Obama,Senate Leadership,,,0,0,,,,,,,,,,,,
Barack Obama,CIA Director,,,0,0,,,,,,,,,,,,
Barack Obama,General/Admiral,,,0,0,,,,,,,,,,,,
Barack Obama,Other Cabinent Rank or Under Secretary of major department,,,0,0,,,,,,,,,,,,
Barack Obama,Senator,1/3/2005,1/20/2009,4.049315068,18.55,,,,,,,,,,,,
Barack Obama,"Other Executive Experience (CEO, Mayor, President of University)",,,0,0,,,,,,,,,,,,
Barack Obama,Ambassador,,,0,0,,,,,,,,,,,,
Barack Obama,Congressman,,,0,0,,,,,,,,,,,,
Barack Obama,Millitary Battle Experience,,,0,0,,,,,,,,,,,,
Barack Obama,Millitary Non-Battle Experience,,,0,0,,,,,,,,,,,,
Barack Obama,Close Relative of President,,,0,0,,,,,,,,,,,,
George W. Bush,President,1/20/2001,1/20/2009,8.005479452,190,,,,,,,,,,,,
George W. Bush,Secretary of State,,,0,0,,,,,,,,,,,,
George W. Bush,Secretary of Defense,,,0,0,,,,,,,,,,,,
George W. Bush,Secretary of Treasury,,,0,0,,,,,,,,,,,,
George W. Bush,Vice President,,,0,0,,,,,,,,,,,,
George W. Bush,Attorney General,,,0,0,,,,,,,,,,,,
George W. Bush,Military Supreme Commander,,,0,0,,,,,,,,,,,,
George W. Bush,Secretary of Homeland Security,,,0,0,,,,,,,,,,,,
George W. Bush,Presidential Chief of Staff,,,0,0,,,,,,,,,,,,
George W. Bush,Governor,1/17/1995,12/21/2000,5.931506849,53.95,,,,,,,,,,,,
George W. Bush,Speaker of the House,,,0,0,,,,,,,,,,,,
George W. Bush,Senate Leadership,,,0,0,,,,,,,,,,,,
George W. Bush,CIA Director,,,0,0,,,,,,,,,,,,
George W. Bush,General/Admiral,,,0,0,,,,,,,,,,,,
George W. Bush,Other Cabinent Rank or Under Secretary of major department,,,0,0,,,,,,,,,,,,
George W. Bush,Senator,,,0,0,,,,,,,,,,,,
George W. Bush,"Other Executive Experience (CEO, Mayor, President of University)",,,0,0,,,,,,,,,,,,
George W. Bush,Ambassador,,,0,0,,,,,,,,,,,,
George W. Bush,Congressman,,,0,0,,,,,,,,,,,,
George W. Bush,Millitary Battle Experience,,,0,0,,,,,,,,,,,,
George W. Bush,Millitary Non-Battle Experience,,,0,0,,,,,,,,,,,,
George W. Bush,Close Relative of President,1/20/1989,1/20/1993,4.002739726,5.2,,,,,,,,,,,,
Billy Clinton,President,1/20/1993,1/20/2001,8.005479452,190,,,,,,,,,,,,
Billy Clinton,Secretary of State,,,0,0,,,,,,,,,,,,
Billy Clinton,Secretary of Defense,,,0,0,,,,,,,,,,,,
Billy Clinton,Secretary of Treasury,,,0,0,,,,,,,,,,,,
Billy Clinton,Vice President,,,0,0,,,,,,,,,,,,
Billy Clinton,Attorney General,,,0,0,,,,,,,,,,,,
Billy Clinton,Military Supreme Commander,,,0,0,,,,,,,,,,,,
Billy Clinton,Secretary of Homeland Security,,,0,0,,,,,,,,,,,,
Billy Clinton,Presidential Chief of Staff,,,0,0,,,,,,,,,,,,
Billy Clinton,Governor,1/9/1979,1/19/1981,11.95616438,65,1/11/1983,12/12/1992,9.926027397,,,,,,,,,
Billy Clinton,Speaker of the House,,,0,0,,,,,,,,,,,,
Billy Clinton,Senate Leadership,,,0,0,,,,,,,,,,,,
Billy Clinton,CIA Director,,,0,0,,,,,,,,,,,,
Billy Clinton,General/Admiral,,,0,0,,,,,,,,,,,,
Billy Clinton,Other Cabinent Rank or Under Secretary of major department,,,0,0,,,,,,,,,,,,
Billy Clinton,Senator,,,0,0,,,,,,,,,,,,
Billy Clinton,"Other Executive Experience (CEO, Mayor, President of University)",,,0,0,,,,,,,,,,,,
Billy Clinton,Ambassador,,,0,0,,,,,,,,,,,,
Billy Clinton,Congressman,,,0,0,,,,,,,,,,,,
Billy Clinton,Millitary Battle Experience,,,0,0,,,,,,,,,,,,
Billy Clinton,Millitary Non-Battle Experience,,,0,0,,,,,,,,,,,,
Billy Clinton,Close Relative of President,,,0,0,,,,,,,,,,,,
George HW Bush,President,1/20/1989,1/20/1993,4.002739726,104,,,,,,,,,,,,
George HW Bush,Secretary of State,,,0,0,,,,,,,,,,,,
George HW Bush,Secretary of Defense,,,0,0,,,,,,,,,,,,
George HW Bush,Secretary of Treasury,,,0,0,,,,,,,,,,,,
George HW Bush,Vice President,1/20/1981,1/20/1989,8.005479452,85.5,,,,,,,,,,,,
George HW Bush,Attorney General,,,0,0,,,,,,,,,,,,
George HW Bush,Military Supreme Commander,,,0,0,,,,,,,,,,,,
George HW Bush,Secretary of Homeland Security,,,0,0,,,,,,,,,,,,
George HW Bush,Presidential Chief of Staff,,,0,0,,,,,,,,,,,,
George HW Bush,Governor,1/9/1979,1/19/1981,2.030136986,11.7,,,,,,,,,,,,
George HW Bush,Speaker of the House,,,0,0,,,,,,,,,,,,
George HW Bush,Senate Leadership,,,0,0,,,,,,,,,,,,
George HW Bush,CIA Director,1/30/1976,1/20/1977,0.9753424658,4,,,,,,,,,,,,
George HW Bush,General/Admiral,,,0,0,,,,,,,,,,,,
George HW Bush,Other Cabinent Rank or Under Secretary of major department,3/1/1971,1/18/1973,1.887671233,6.4,,,,,,,,,,,,
George HW Bush,Senator,,,0,0,,,,,,,,,,,,
George HW Bush,"Other Executive Experience (CEO, Mayor, President of University)",,,0,0,,,,,,,,,,,,
George HW Bush,Ambassador,9/26/1974,12/7/1975,1.197260274,2.5,,,,,,,,,,,,
George HW Bush,Congressman,1/3/1967,1/3/1971,4.002739726,10.4,,,,,,,,,,,,
George HW Bush,Millitary Battle Experience,6/9/1943,8/15/1945,2.18630137,3,,,,,,,,,,,,
George HW Bush,Millitary Non-Battle Experience,,,0,0,,,,,,,,,,,,
George HW Bush,Close Relative of President,,,0,0,,,,,,,,,,,,
Ronald Reagan,President,1/20/1981,1/20/1989,8.005479452,190,,,,,,,,,,,,
Ronald Reagan,Secretary of State,,,0,0,,,,,,,,,,,,
Ronald Reagan,Secretary of Defense,,,0,0,,,,,,,,,,,,
Ronald Reagan,Secretary of Treasury,,,0,0,,,,,,,,,,,,
Ronald Reagan,Vice President,,,0,0,,,,,,,,,,,,
Ronald Reagan,Attorney General,,,0,0,,,,,,,,,,,,
Ronald Reagan,Military Supreme Commander,,,0,0,,,,,,,,,,,,
Ronald Reagan,Secretary of Homeland Security,,,0,0,,,,,,,,,,,,
Ronald Reagan,Presidential Chief of Staff,,,0,0,,,,,,,,,,,,
Ronald Reagan,Governor,1/2/1967,1/6/1975,8.016438356,61.75,,,,,,,,,,,,
Ronald Reagan,Speaker of the House,,,0,0,,,,,,,,,,,,
Ronald Reagan,Senate Leadership,,,0,0,,,,,,,,,,,,
Ronald Reagan,CIA Director,,,0,0,,,,,,,,,,,,
Ronald Reagan,General/Admiral,,,0,0,,,,,,,,,,,,
Ronald Reagan,Other Cabinent Rank or Under Secretary of major department,,,0,0,,,,,,,,,,,,
Ronald Reagan,Senator,,,0,0,,,,,,,,,,,,
Ronald Reagan,"Other Executive Experience (CEO, Mayor, President of University)",,,0,0,,,,,,,,,,,,
Ronald Reagan,Ambassador,,,0,0,,,,,,,,,,,,
Ronald Reagan,Congressman,,,0,0,,,,,,,,,,,,
Ronald Reagan,Millitary Battle Experience,,,0,0,,,,,,,,,,,,
Ronald Reagan,Millitary Non-Battle Experience,4/18/1942,12/9/1945,3.646575342,4.5,,,,,,,,,,,,
Ronald Reagan,Close Relative of President,,,0,0,,,,,,,,,,,,
Jimmy Carter,President,1/20/1977,1/20/1981,4.002739726,104,,,,,,,,,,,,
Jimmy Carter,Secretary of State,,,0,0,,,,,,,,,,,,
Jimmy Carter,Secretary of Defense,,,0,0,,,,,,,,,,,,
Jimmy Carter,Secretary of Treasury,,,0,0,,,,,,,,,,,,
Jimmy Carter,Vice President,,,0,0,,,,,,,,,,,,
Jimmy Carter,Attorney General,,,0,0,,,,,,,,,,,,
Jimmy Carter,Military Supreme Commander,,,0,0,,,,,,,,,,,,
Jimmy Carter,Secretary of Homeland Security,,,0,0,,,,,,,,,,,,
Jimmy Carter,Presidential Chief of Staff,,,0,0,,,,,,,,,,,,
Jimmy Carter,Governor,1/12/1971,1/14/1975,4.008219178,33.8,,,,,,,,,,,,
Jimmy Carter,Speaker of the House,,,0,0,,,,,,,,,,,,
Jimmy Carter,Senate Leadership,,,0,0,,,,,,,,,,,,
Jimmy Carter,CIA Director,,,0,0,,,,,,,,,,,,
Jimmy Carter,General/Admiral,,,0,0,,,,,,,,,,,,
Jimmy Carter,Other Cabinent Rank or Under Secretary of major department,,,0,0,,,,,,,,,,,,
Jimmy Carter,Senator,,,0,0,,,,,,,,,,,,
Jimmy Carter,"Other Executive Experience (CEO, Mayor, President of University)",,,0,0,,,,,,,,,,,,
Jimmy Carter,Ambassador,,,0,0,,,,,,,,,,,,
Jimmy Carter,Congressman,,,0,0,,,,,,,,,,,,
Jimmy Carter,Millitary Battle Experience,,,0,0,,,,,,,,,,,,
Jimmy Carter,Millitary Non-Battle Experience,6/5/1946,12/7/1961,15.51780822,10,,,,,,,,,,,,
Jimmy Carter,Close Relative of President,,,0,0,,,,,,,,,,,,
Gerald Ford,President,8/9/1974,1/20/1977,2.452054795,46,,,,,,,,,,,,
Gerald Ford,Secretary of State,,,0,0,,,,,,,,,,,,
Gerald Ford,Secretary of Defense,,,0,0,,,,,,,,,,,,
Gerald Ford,Secretary of Treasury,,,0,0,,,,,,,,,,,,
Gerald Ford,Vice President,12/6/1973,8/9/1974,0.6739726027,6.3,,,,,,,,,,,,
Gerald Ford,Attorney General,,,0,0,,,,,,,,,,,,
Gerald Ford,Military Supreme Commander,,,0,0,,,,,,,,,,,,
Gerald Ford,Secretary of Homeland Security,,,0,0,,,,,,,,,,,,
Gerald Ford,Presidential Chief of Staff,,,0,0,,,,,,,,,,,,
Gerald Ford,Governor,,,0,0,,,,,,,,,,,,
Gerald Ford,Speaker of the House,,,0,0,,,,,,,,,,,,
Gerald Ford,Senate Leadership,,,0,0,,,,,,,,,,,,
Gerald Ford,CIA Director,,,0,0,,,,,,,,,,,,
Gerald Ford,General/Admiral,,,0,0,,,,,,,,,,,,
Gerald Ford,Other Cabinent Rank or Under Secretary of major department,,,0,0,,,,,,,,,,,,
Gerald Ford,Senator,,,0,0,,,,,,,,,,,,
Gerald Ford,"Other Executive Experience (CEO, Mayor, President of University)",,,0,0,,,,,,,,,,,,
Gerald Ford,Ambassador,,,0,0,,,,,,,,,,,,
Gerald Ford,Congressman,1/3/1949,12/6/1973,24.93972603,20,,,,,,,,,,,,
Gerald Ford,Millitary Battle Experience,,,0,0,,,,,,,,,,,,
Gerald Ford,Millitary Non-Battle Experience,4/13/1942,2/23/1946,3.868493151,5,,,,,,,,,,,,
Gerald Ford,Close Relative of President,,,0,0,,,,,,,,,,,,
Richard Nixon,President,1/20/1969,8/9/1974,5.553424658,156,,,,,,,,,,,,
Richard Nixon,Secretary of State,,,0,0,,,,,,,,,,,,
Richard Nixon,Secretary of Defense,,,0,0,,,,,,,,,,,,
Richard Nixon,Secretary of Treasury,,,0,0,,,,,,,,,,,,
Richard Nixon,Vice President,1/20/1953,1/20/1961,8.005479452,85.5,,,,,,,,,,,,
Richard Nixon,Attorney General,,,0,0,,,,,,,,,,,,
Richard Nixon,Military Supreme Commander,,,0,0,,,,,,,,,,,,
Richard Nixon,Secretary of Homeland Security,,,0,0,,,,,,,,,,,,
Richard Nixon,Presidential Chief of Staff,,,0,0,,,,,,,,,,,,
Richard Nixon,Governor,,,0,0,,,,,,,,,,,,
Richard Nixon,Speaker of the House,,,0,0,,,,,,,,,,,,
Richard Nixon,Senate Leadership,,,0,0,,,,,,,,,,,,
Richard Nixon,CIA Director,,,0,0,,,,,,,,,,,,
Richard Nixon,General/Admiral,,,0,0,,,,,,,,,,,,
Richard Nixon,Other Cabinent Rank or Under Secretary of major department,,,0,0,,,,,,,,,,,,
Richard Nixon,Senator,12/4/1950,1/1/1953,2.079452055,6.3,,,,,,,,,,,,
Richard Nixon,"Other Executive Experience (CEO, Mayor, President of University)",,,0,0,,,,,,,,,,,,
Richard Nixon,Ambassador,,,0,0,,,,,,,,,,,,
Richard Nixon,Congressman,1/3/1947,12/1/1950,3.912328767,10.2,,,,,,,,,,,,
Richard Nixon,Millitary Battle Experience,,,0,0,,,,,,,,,,,,
Richard Nixon,Millitary Non-Battle Experience,6/15/1942,3/10/1946,3.736986301,4.7,,,,,,,,,,,,
Richard Nixon,Close Relative of President,,,0,0,,,,,,,,,,,,
Lyndon B. Johnson,President,11/22/1963,1/20/1969,5.167123288,146,,,,,,,,,,,,
Lyndon B. Johnson,Secretary of State,,,0,0,,,,,,,,,,,,
Lyndon B. Johnson,Secretary of Defense,,,0,0,,,,,,,,,,,,
Lyndon B. Johnson,Secretary of Treasury,,,0,0,,,,,,,,,,,,
Lyndon B. Johnson,Vice President,1/20/1961,11/22/1963,2.838356164,27,,,,,,,,,,,,
Lyndon B. Johnson,Attorney General,,,0,0,,,,,,,,,,,,
Lyndon B. Johnson,Military Supreme Commander,,,0,0,,,,,,,,,,,,
Lyndon B. Johnson,Secretary of Homeland Security,,,0,0,,,,,,,,,,,,
Lyndon B. Johnson,Presidential Chief of Staff,,,0,0,,,,,,,,,,,,
Lyndon B. Johnson,Governor,,,0,0,,,,,,,,,,,,
Lyndon B. Johnson,Speaker of the House,,,0,0,,,,,,,,,,,,
Lyndon B. Johnson,Senate Leadership,1/3/1953,1/3/1961,8.005479452,47.5,,,,,,,,,,,,
Lyndon B. Johnson,CIA Director,,,0,0,,,,,,,,,,,,
Lyndon B. Johnson,General/Admiral,,,0,0,,,,,,,,,,,,
Lyndon B. Johnson,Other Cabinent Rank or Under Secretary of major department,,,0,0,,,,,,,,,,,,
Lyndon B. Johnson,Senator,1/3/1949,1/3/1953,4.002739726,18.2,,,,,,,,,,,,
Lyndon B. Johnson,"Other Executive Experience (CEO, Mayor, President of University)",,,0,0,,,,,,,,,,,,
Lyndon B. Johnson,Ambassador,,,0,0,,,,,,,,,,,,
Lyndon B. Johnson,Congressman,4/10/1937,1/3/1949,11.74246575,20,,,,,,,,,,,,
Lyndon B. Johnson,Millitary Battle Experience,,,0,0,,,,,,,,,,,,
Lyndon B. Johnson,Millitary Non-Battle Experience,12/10/1941,7/17/1942,0.6,0.7,,,,,,,,,,,,
Lyndon B. Johnson,Close Relative of President,,,0,0,,,,,,,,,,,,
John F Kennedy,President,1/20/1961,11/22/1963,2.838356164,60,,,,,,,,,,,,
John F Kennedy,Secretary of State,,,0,0,,,,,,,,,,,,
John F Kennedy,Secretary of Defense,,,0,0,,,,,,,,,,,,
John F Kennedy,Secretary of Treasury,,,0,0,,,,,,,,,,,,
John F Kennedy,Vice President,,,0,0,,,,,,,,,,,,
John F Kennedy,Attorney General,,,0,0,,,,,,,,,,,,
John F Kennedy,Military Supreme Commander,,,0,0,,,,,,,,,,,,
John F Kennedy,Secretary of Homeland Security,,,0,0,,,,,,,,,,,,
John F Kennedy,Presidential Chief of Staff,,,0,0,,,,,,,,,,,,
John F Kennedy,Governor,,,0,0,,,,,,,,,,,,
John F Kennedy,Speaker of the House,,,0,0,,,,,,,,,,,,
John F Kennedy,Senate Leadership,,,0,0,,,,,,,,,,,,
John F Kennedy,CIA Director,,,0,0,,,,,,,,,,,,
John F Kennedy,General/Admiral,,,0,0,,,,,,,,,,,,
John F Kennedy,Other Cabinent Rank or Under Secretary of major department,,,0,0,,,,,,,,,,,,
John F Kennedy,Senator,1/3/1953,12/22/1960,7.97260274,33.25,,,,,,,,,,,,
John F Kennedy,"Other Executive Experience (CEO, Mayor, President of University)",,,0,0,,,,,,,,,,,,
John F Kennedy,Ambassador,,,0,0,,,,,,,,,,,,
John F Kennedy,Congressman,1/3/1947,1/3/1953,6.005479452,16.6,,,,,,,,,,,,
John F Kennedy,Millitary Battle Experience,10/26/1941,3/1/1945,3.347945205,5.85,,,,,,,,,,,,
John F Kennedy,Millitary Non-Battle Experience,,,0,0,,,,,,,,,,,,
John F Kennedy,Close Relative of President,,,0,0,,,,,,,,,,,,
Dwight D Eisenhower,President,1/20/1953,1/20/1961,8.005479452,190,,,,,,,,,,,,
Dwight D Eisenhower,Secretary of State,,,0,0,,,,,,,,,,,,
Dwight D Eisenhower,Secretary of Defense,,,0,0,,,,,,,,,,,,
Dwight D Eisenhower,Secretary of Treasury,,,0,0,,,,,,,,,,,,
Dwight D Eisenhower,Vice President,,,0,0,,,,,,,,,,,,
Dwight D Eisenhower,Attorney General,,,0,0,,,,,,,,,,,,
Dwight D Eisenhower,Military Supreme Commander,12/1/1943,5/8/1945,1.435616438,10.2,,,,,,,,,,,,
Dwight D Eisenhower,Secretary of Homeland Security,,,0,0,,,,,,,,,,,,
Dwight D Eisenhower,Presidential Chief of Staff,,,0,0,,,,,,,,,,,,
Dwight D Eisenhower,Governor,5/8/1945,11/10/1945,0.5095890411,3.9,Military governor of Germany,,,,,,,,,,,
Dwight D Eisenhower,Speaker of the House,,,0,0,,,,,,,,,,,,
Dwight D Eisenhower,Senate Leadership,,,0,0,,,,,,,,,,,,
Dwight D Eisenhower,CIA Director,,,0,0,,,,,,,,,,,,
Dwight D Eisenhower,General/Admiral,9/29/1941,12/1/1943,5.575342466,35.1,11/10/1945,2/6/1948,2.24109589,4/2/1951,5/30/1952,1.161643836,,,,,,
Dwight D Eisenhower,Other Cabinent Rank or Under Secretary of major department,,,0,0,,,,,,,,,,,,
Dwight D Eisenhower,Senator,,,0,0,,,,,,,,,,,,
Dwight D Eisenhower,"Other Executive Experience (CEO, Mayor, President of University)",2/6/1948,4/2/1951,0.700761035,2.1,0.2222222222,,,,,,,,,,,
Dwight D Eisenhower,Ambassador,,,0,0,,,,,,,,,,,,
Dwight D Eisenhower,Congressman,,,0,0,,,,,,,,,,,,
Dwight D Eisenhower,Millitary Battle Experience,,,0,0,,,,,,,,,,,,
Dwight D Eisenhower,Millitary Non-Battle Experience,6/12/1915,9/29/1941,26.31780822,10,,,,,,,,,,,,
Dwight D Eisenhower,Close Relative of President,,,0,0,,,,,,,,,,,,
Harry S Truman,President,4/12/1945,1/20/1953,7.780821918,190,,,,,,,,,,,,
Harry S Truman,Secretary of State,,,0,0,,,,,,,,,,,,
Harry S Truman,Secretary of Defense,,,0,0,,,,,,,,,,,,
Harry S Truman,Secretary of Treasury,,,0,0,,,,,,,,,,,,
Harry S Truman,Vice President,1/20/1945,4/12/1945,0.2246575342,5.4,,,,,,,,,,,,
Harry S Truman,Attorney General,,,0,0,,,,,,,,,,,,
Harry S Truman,Military Supreme Commander,,,0,0,,,,,,,,,,,,
Harry S Truman,Secretary of Homeland Security,,,0,0,,,,,,,,,,,,
Harry S Truman,Presidential Chief of Staff,,,0,0,,,,,,,,,,,,
Harry S Truman,Governor,,,0,0,,,,,,,,,,,,
Harry S Truman,Speaker of the House,,,0,0,,,,,,,,,,,,
Harry S Truman,Senate Leadership,,,0,0,,,,,,,,,,,,
Harry S Truman,CIA Director,,,0,0,,,,,,,,,,,,
Harry S Truman,General/Admiral,,,0,0,,,,,,,,,,,,
Harry S Truman,Other Cabinent Rank or Under Secretary of major department,,,0,0,,,,,,,,,,,,
Harry S Truman,Senator,1/3/1935,1/17/1945,10.04657534,34.65,,,,,,,,,,,,
Harry S Truman,"Other Executive Experience (CEO, Mayor, President of University)",,,0,0,,,,,,,,,,,,
Harry S Truman,Ambassador,,,0,0,,,,,,,,,,,,
Harry S Truman,Congressman,,,0,0,,,,,,,,,,,,
Harry S Truman,Millitary Battle Experience,4/6/1917,5/1/1919,2.068493151,2.7,,,,,,,,,,,,
Harry S Truman,Millitary Non-Battle Experience,,,0,0,,,,,,,,,,,,
Harry S Truman,Close Relative of President,,,0,0,,,,,,,,,,,,
Franklin D Roosevelt,President,3/4/1933,4/12/1945,12.11506849,200,,,,,,,,,,,,
Franklin D Roosevelt,Secretary of State,,,0,0,,,,,,,,,,,,
Franklin D Roosevelt,Secretary of Defense,,,0,0,,,,,,,,,,,,
Franklin D Roosevelt,Secretary of Treasury,,,0,0,,,,,,,,,,,,
Franklin D Roosevelt,Vice President,,,0,0,,,,,,,,,,,,
Franklin D Roosevelt,Attorney General,,,0,0,,,,,,,,,,,,
Franklin D Roosevelt,Military Supreme Commander,,,0,0,,,,,,,,,,,,
Franklin D Roosevelt,Secretary of Homeland Security,,,0,0,,,,,,,,,,,,
Franklin D Roosevelt,Presidential Chief of Staff,,,0,0,,,,,,,,,,,,
Franklin D Roosevelt,Governor,1/1/1929,12/31/1932,4,33.8,,,,,,,,,,,,
Franklin D Roosevelt,Speaker of the House,,,0,0,,,,,,,,,,,,
Franklin D Roosevelt,Senate Leadership,,,0,0,,,,,,,,,,,,
Franklin D Roosevelt,CIA Director,,,0,0,,,,,,,,,,,,
Franklin D Roosevelt,General/Admiral,,,0,0,,,,,,,,,,,,
Franklin D Roosevelt,Other Cabinent Rank or Under Secretary of major department,3/17/1913,8/26/1920,7.449315068,37.2,Assistant Secretary fo the Navy,,,,,,,,,,,
Franklin D Roosevelt,Senator,,,0,0,,,,,,,,,,,,
Franklin D Roosevelt,"Other Executive Experience (CEO, Mayor, President of University)",,,0,0,,,,,,,,,,,,
Franklin D Roosevelt,Ambassador,,,0,0,,,,,,,,,,,,
Franklin D Roosevelt,Congressman,,,0,0,,,,,,,,,,,,
Franklin D Roosevelt,Millitary Battle Experience,,,0,0,,,,,,,,,,,,
Franklin D Roosevelt,Millitary Non-Battle Experience,,,0,0,,,,,,,,,,,,
Franklin D Roosevelt,Close Relative of President,,,0,0,,,,,,,,,,,,
Herbert Hoover,President,3/4/1929,3/4/1933,4.002739726,104,,,,,,,,,,,,
Herbert Hoover,Secretary of State,,,0,0,,,,,,,,,,,,
Herbert Hoover,Secretary of Defense,,,0,0,,,,,,,,,,,,
Herbert Hoover,Secretary of Treasury,,,0,0,,,,,,,,,,,,
Herbert Hoover,Vice President,,,0,0,,,,,,,,,,,,
Herbert Hoover,Attorney General,,,0,0,,,,,,,,,,,,
Herbert Hoover,Military Supreme Commander,,,0,0,,,,,,,,,,,,
Herbert Hoover,Secretary of Homeland Security,,,0,0,,,,,,,,,,,,
Herbert Hoover,Presidential Chief of Staff,,,0,0,,,,,,,,,,,,
Herbert Hoover,Governor,,,0,0,,,,,,,,,,,,
Herbert Hoover,Speaker of the House,,,0,0,,,,,,,,,,,,
Herbert Hoover,Senate Leadership,,,0,0,,,,,,,,,,,,
Herbert Hoover,CIA Director,,,0,0,,,,,,,,,,,,
Herbert Hoover,General/Admiral,,,0,0,,,,,,,,,,,,
Herbert Hoover,Other Cabinent Rank or Under Secretary of major department,3/5/1921,8/21/1928,7.468493151,37.2,Commerce,,,,,,,,,,,
Herbert Hoover,Senator,,,0,0,,,,,,,,,,,,
Herbert Hoover,"Other Executive Experience (CEO, Mayor, President of University)",8/3/1914,1/1/1919,4.416438356,18,WWI Food Relief Efforts,,,,,,,,,,,
Herbert Hoover,Ambassador,,,0,0,,,,,,,,,,,,
Herbert Hoover,Congressman,,,0,0,,,,,,,,,,,,
Herbert Hoover,Millitary Battle Experience,,,0,0,,,,,,,,,,,,
Herbert Hoover,Millitary Non-Battle Experience,,,0,0,,,,,,,,,,,,
Herbert Hoover,Close Relative of President,,,0,0,,,,,,,,,,,,
Calvin Coolidge,President,8/2/1923,3/4/1929,5.591780822,158,,,,,,,,,,,,
Calvin Coolidge,Secretary of State,,,0,0,,,,,,,,,,,,
Calvin Coolidge,Secretary of Defense,,,0,0,,,,,,,,,,,,
Calvin Coolidge,Secretary of Treasury,,,0,0,,,,,,,,,,,,
Calvin Coolidge,Vice President,8/2/1923,3/4/1929,5.591780822,71.1,,,,,,,,,,,,
Calvin Coolidge,Attorney General,,,0,0,,,,,,,,,,,,
Calvin Coolidge,Military Supreme Commander,,,0,0,,,,,,,,,,,,
Calvin Coolidge,Secretary of Homeland Security,,,0,0,,,,,,,,,,,,
Calvin Coolidge,Presidential Chief of Staff,,,0,0,,,,,,,,,,,,
Calvin Coolidge,Governor,3/4/1921,8/2/1923,2.41369863,14.95,,,,,,,,,,,,
Calvin Coolidge,Speaker of the House,,,0,0,,,,,,,,,,,,
Calvin Coolidge,Senate Leadership,,,0,0,,,,,,,,,,,,
Calvin Coolidge,CIA Director,,,0,0,,,,,,,,,,,,
Calvin Coolidge,General/Admiral,,,0,0,,,,,,,,,,,,
Calvin Coolidge,Other Cabinent Rank or Under Secretary of major department,,,0,0,,,,,,,,,,,,
Calvin Coolidge,Senator,,,0,0,,,,,,,,,,,,
Calvin Coolidge,"Other Executive Experience (CEO, Mayor, President of University)",1/1/1910,1/1/1911,1,2.7,Mayor of Northampton,,,,,,,,,,,
Calvin Coolidge,Ambassador,,,0,0,,,,,,,,,,,,
Calvin Coolidge,Congressman,,,0,0,,,,,,,,,,,,
Calvin Coolidge,Millitary Battle Experience,,,0,0,,,,,,,,,,,,
Calvin Coolidge,Millitary Non-Battle Experience,,,0,0,,,,,,,,,,,,
Calvin Coolidge,Close Relative of President,,,0,0,,,,,,,,,,,,
Warren G Harding,President,3/4/1921,8/2/1923,2.41369863,46,,,,,,,,,,,,
Warren G Harding,Secretary of State,,,0,0,,,,,,,,,,,,
Warren G Harding,Secretary of Defense,,,0,0,,,,,,,,,,,,
Warren G Harding,Secretary of Treasury,,,0,0,,,,,,,,,,,,
Warren G Harding,Vice President,,,0,0,,,,,,,,,,,,
Warren G Harding,Attorney General,,,0,0,,,,,,,,,,,,
Warren G Harding,Military Supreme Commander,,,0,0,,,,,,,,,,,,
Warren G Harding,Secretary of Homeland Security,,,0,0,,,,,,,,,,,,
Warren G Harding,Presidential Chief of Staff,,,0,0,,,,,,,,,,,,
Warren G Harding,Governor,,,0,0,,,,,,,,,,,,
Warren G Harding,Speaker of the House,,,0,0,,,,,,,,,,,,
Warren G Harding,Senate Leadership,,,0,0,,,,,,,,,,,,
Warren G Harding,CIA Director,,,0,0,,,,,,,,,,,,
Warren G Harding,General/Admiral,,,0,0,,,,,,,,,,,,
Warren G Harding,Other Cabinent Rank or Under Secretary of major department,,,0,0,,,,,,,,,,,,
Warren G Harding,Senator,3/4/1921,8/2/1923,2.41369863,8.05,,,,,,,,,,,,
Warren G Harding,"Other Executive Experience (CEO, Mayor, President of University)",,,0,0,,,,,,,,,,,,
Warren G Harding,Ambassador,,,0,0,,,,,,,,,,,,
Warren G Harding,Congressman,,,0,0,,,,,,,,,,,,
Warren G Harding,Millitary Battle Experience,,,0,0,,,,,,,,,,,,
Warren G Harding,Millitary Non-Battle Experience,,,0,0,,,,,,,,,,,,
Warren G Harding,Close Relative of President,,,0,0,,,,,,,,,,,,
Woodrow Wilson,President,3/4/1913,3/4/1921,8.005479452,190,,,,,,,,,,,,
Woodrow Wilson,Secretary of State,,,0,0,,,,,,,,,,,,
Woodrow Wilson,Secretary of Defense,,,0,0,,,,,,,,,,,,
Woodrow Wilson,Secretary of Treasury,,,0,0,,,,,,,,,,,,
Woodrow Wilson,Vice President,,,0,0,,,,,,,,,,,,
Woodrow Wilson,Attorney General,,,0,0,,,,,,,,,,,,
Woodrow Wilson,Military Supreme Commander,,,0,0,,,,,,,,,,,,
Woodrow Wilson,Secretary of Homeland Security,,,0,0,,,,,,,,,,,,
Woodrow Wilson,Presidential Chief of Staff,,,0,0,,,,,,,,,,,,
Woodrow Wilson,Governor,1/17/1911,3/1/1913,2.120547945,12.35,,,,,,,,,,,,
Woodrow Wilson,Speaker of the House,,,0,0,,,,,,,,,,,,
Woodrow Wilson,Senate Leadership,,,0,0,,,,,,,,,,,,
Woodrow Wilson,CIA Director,,,0,0,,,,,,,,,,,,
Woodrow Wilson,General/Admiral,,,0,0,,,,,,,,,,,,
Woodrow Wilson,Other Cabinent Rank or Under Secretary of major department,,,0,0,,,,,,,,,,,,
Woodrow Wilson,Senator,,,0,0,,,,,,,,,,,,
Woodrow Wilson,"Other Executive Experience (CEO, Mayor, President of University)",1/1/1902,1/1/1910,8.005479452,28.5,President of Princeton,,,,,,,,,,,
Woodrow Wilson,Ambassador,,,0,0,,,,,,,,,,,,
Woodrow Wilson,Congressman,,,0,0,,,,,,,,,,,,
Woodrow Wilson,Millitary Battle Experience,,,0,0,,,,,,,,,,,,
Woodrow Wilson,Millitary Non-Battle Experience,,,0,0,,,,,,,,,,,,
Woodrow Wilson,Close Relative of President,,,0,0,,,,,,,,,,,,
William Howard Taft,President,3/4/1909,3/4/1913,4.002739726,104,,,,,,,,,,,,
William Howard Taft,Secretary of State,,,0,0,,,,,,,,,,,,
William Howard Taft,Secretary of Defense,2/1/1904,6/30/1908,4.41369863,60,,,,,,,,,,,,
William Howard Taft,Secretary of Treasury,,,0,0,,,,,,,,,,,,
William Howard Taft,Vice President,,,0,0,,,,,,,,,,,,
William Howard Taft,Attorney General,,,0,0,,,,,,,,,,,,
William Howard Taft,Military Supreme Commander,,,0,0,,,,,,,,,,,,
William Howard Taft,Secretary of Homeland Security,,,0,0,,,,,,,,,,,,
William Howard Taft,Presidential Chief of Staff,,,0,0,,,,,,,,,,,,
William Howard Taft,Governor,7/4/1901,12/23/1903,2.509589041,15.6,9/29/1906,10/13/1906,0.03835616438,Phillippines and Cuba,,,,,,,,
William Howard Taft,Speaker of the House,,,0,0,,,,,,,,,,,,
William Howard Taft,Senate Leadership,,,0,0,,,,,,,,,,,,
William Howard Taft,CIA Director,,,0,0,,,,,,,,,,,,
William Howard Taft,General/Admiral,,,0,0,,,,,,,,,,,,
William Howard Taft,Other Cabinent Rank or Under Secretary of major department,2/1/1890,3/1/1892,2.079452055,7.2,Solictor General,,,,,,,,,,,
William Howard Taft,Senator,,,0,0,,,,,,,,,,,,
William Howard Taft,"Other Executive Experience (CEO, Mayor, President of University)",,,0,0,,,,,,,,,,,,
William Howard Taft,Ambassador,,,0,0,,,,,,,,,,,,
William Howard Taft,Congressman,,,0,0,,,,,,,,,,,,
William Howard Taft,Millitary Battle Experience,,,0,0,,,,,,,,,,,,
William Howard Taft,Millitary Non-Battle Experience,,,0,0,,,,,,,,,,,,
William Howard Taft,Close Relative of President,,,0,0,,,,,,,,,,,,
Theodore Roosevelt,President,9/14/1901,3/4/1909,7.473972603,186,,,,,,,,,,,,
Theodore Roosevelt,Secretary of State,,,0,0,,,,,,,,,,,,
Theodore Roosevelt,Secretary of Defense,,,0,0,,,,,,,,,,,,
Theodore Roosevelt,Secretary of Treasury,,,0,0,,,,,,,,,,,,
Theodore Roosevelt,Vice President,3/4/1901,9/14/1901,0.5315068493,5.4,,,,,,,,,,,,
Theodore Roosevelt,Attorney General,,,0,0,,,,,,,,,,,,
Theodore Roosevelt,Military Supreme Commander,,,0,0,,,,,,,,,,,,
Theodore Roosevelt,Secretary of Homeland Security,,,0,0,,,,,,,,,,,,
Theodore Roosevelt,Presidential Chief of Staff,,,0,0,,,,,,,,,,,,
Theodore Roosevelt,Governor,1/1/1899,12/31/1900,1.997260274,11.05,,,,,,,,,,,,
Theodore Roosevelt,Speaker of the House,,,0,0,,,,,,,,,,,,
Theodore Roosevelt,Senate Leadership,,,0,0,,,,,,,,,,,,
Theodore Roosevelt,CIA Director,,,0,0,,,,,,,,,,,,
Theodore Roosevelt,General/Admiral,,,0,0,,,,,,,,,,,,
Theodore Roosevelt,Other Cabinent Rank or Under Secretary of major department,4/19/1897,5/10/1898,1.057534247,3.6,,,,,,,,,,,,
Theodore Roosevelt,Senator,,,0,0,,,,,,,,,,,,
Theodore Roosevelt,"Other Executive Experience (CEO, Mayor, President of University)",,,0,0,,,,,,,,,,,,
Theodore Roosevelt,Ambassador,,,0,0,,,,,,,,,,,,
Theodore Roosevelt,Congressman,,,0,0,,,,,,,,,,,,
Theodore Roosevelt,Millitary Battle Experience,5/6/1898,9/15/1898,0.3616438356,0.9,,,,,,,,,,,,
Theodore Roosevelt,Millitary Non-Battle Experience,,,0,0,,,,,,,,,,,,
Theodore Roosevelt,Close Relative of President,,,0,0,,,,,,,,,,,,
William McKinley,President,3/4/1897,9/14/1901,4.531506849,124,,,,,,,,,,,,
William McKinley,Secretary of State,,,0,0,,,,,,,,,,,,
William McKinley,Secretary of Defense,,,0,0,,,,,,,,,,,,
William McKinley,Secretary of Treasury,,,0,0,,,,,,,,,,,,
William McKinley,Vice President,,,0,0,,,,,,,,,,,,
William McKinley,Attorney General,,,0,0,,,,,,,,,,,,
William McKinley,Military Supreme Commander,,,0,0,,,,,,,,,,,,
William McKinley,Secretary of Homeland Security,,,0,0,,,,,,,,,,,,
William McKinley,Presidential Chief of Staff,,,0,0,,,,,,,,,,,,
William McKinley,Governor,1/11/1892,1/13/1896,4.008219178,33.8,,,,,,,,,,,,
William McKinley,Speaker of the House,,,0,0,,,,,,,,,,,,
William McKinley,Senate Leadership,,,0,0,,,,,,,,,,,,
William McKinley,CIA Director,,,0,0,,,,,,,,,,,,
William McKinley,General/Admiral,,,0,0,,,,,,,,,,,,
William McKinley,Other Cabinent Rank or Under Secretary of major department,,,0,0,,,,,,,,,,,,
William McKinley,Senator,,,0,0,,,,,,,,,,,,
William McKinley,"Other Executive Experience (CEO, Mayor, President of University)",,,0,0,,,,,,,,,,,,
William McKinley,Ambassador,,,0,0,,,,,,,,,,,,
William McKinley,Congressman,3/4/1879,3/3/1883,10,19.8,3/4/1885,3/3/1891,6,,,,,,,,,
William McKinley,Millitary Battle Experience,6/1/1861,7/1/1865,4.084931507,8.1,,,,,,,,,,,,
William McKinley,Millitary Non-Battle Experience,,,0,0,,,,,,,,,,,,
William McKinley,Close Relative of President,,,0,0,,,,,,,,,,,,
Grover Cleveland,President,3/4/1885,3/4/1889,8.005479452,190,3/4/1893,3/4/1897,4.002739726,,,,,,,,,
Grover Cleveland,Secretary of State,,,0,0,,,,,,,,,,,,
Grover Cleveland,Secretary of Defense,,,0,0,,,,,,,,,,,,
Grover Cleveland,Secretary of Treasury,,,0,0,,,,,,,,,,,,
Grover Cleveland,Vice President,,,0,0,,,,,,,,,,,,
Grover Cleveland,Attorney General,,,0,0,,,,,,,,,,,,
Grover Cleveland,Military Supreme Commander,,,0,0,,,,,,,,,,,,
Grover Cleveland,Secretary of Homeland Security,,,0,0,,,,,,,,,,,,
Grover Cleveland,Presidential Chief of Staff,,,0,0,,,,,,,,,,,,
Grover Cleveland,Governor,1/1/1883,1/6/1885,2.016438356,11.05,,,,,,,,,,,,
Grover Cleveland,Speaker of the House,,,0,0,,,,,,,,,,,,
Grover Cleveland,Senate Leadership,,,0,0,,,,,,,,,,,,
Grover Cleveland,CIA Director,,,0,0,,,,,,,,,,,,
Grover Cleveland,General/Admiral,,,0,0,,,,,,,,,,,,
Grover Cleveland,Other Cabinent Rank or Under Secretary of major department,,,0,0,,,,,,,,,,,,
Grover Cleveland,Senator,,,0,0,,,,,,,,,,,,
Grover Cleveland,"Other Executive Experience (CEO, Mayor, President of University)",1/2/1882,11/20/1882,0.8821917808,2.4,,,,,,,,,,,,
Grover Cleveland,Ambassador,,,0,0,,,,,,,,,,,,
Grover Cleveland,Congressman,,,0,0,,,,,,,,,,,,
Grover Cleveland,Millitary Battle Experience,,,0,0,,,,,,,,,,,,
Grover Cleveland,Millitary Non-Battle Experience,,,0,0,,,,,,,,,,,,
Grover Cleveland,Close Relative of President,,,0,0,,,,,,,,,,,,
Benjamin Harrison,President,3/4/1889,3/4/1893,4.002739726,104,,,,,,,,,,,,
Benjamin Harrison,Secretary of State,,,0,0,,,,,,,,,,,,
Benjamin Harrison,Secretary of Defense,,,0,0,,,,,,,,,,,,
Benjamin Harrison,Secretary of Treasury,,,0,0,,,,,,,,,,,,
Benjamin Harrison,Vice President,,,0,0,,,,,,,,,,,,
Benjamin Harrison,Attorney General,,,0,0,,,,,,,,,,,,
Benjamin Harrison,Military Supreme Commander,,,0,0,,,,,,,,,,,,
Benjamin Harrison,Secretary of Homeland Security,,,0,0,,,,,,,,,,,,
Benjamin Harrison,Presidential Chief of Staff,,,0,0,,,,,,,,,,,,
Benjamin Harrison,Governor,,,0,0,,,,,,,,,,,,
Benjamin Harrison,Speaker of the House,,,0,0,,,,,,,,,,,,
Benjamin Harrison,Senate Leadership,,,0,0,,,,,,,,,,,,
Benjamin Harrison,CIA Director,,,0,0,,,,,,,,,,,,
Benjamin Harrison,General/Admiral,,,0,0,,,,,,,,,,,,
Benjamin Harrison,Other Cabinent Rank or Under Secretary of major department,,,0,0,,,,,,,,,,,,
Benjamin Harrison,Senator,3/4/1881,3/4/1887,6.002739726,29.05,,,,,,,,,,,,
Benjamin Harrison,"Other Executive Experience (CEO, Mayor, President of University)",,,0,0,,,,,,,,,,,,
Benjamin Harrison,Ambassador,,,0,0,,,,,,,,,,,,
Benjamin Harrison,Congressman,,,0,0,,,,,,,,,,,,
Benjamin Harrison,Millitary Battle Experience,7/22/1862,6/8/1865,2.882191781,4.65,,,,,,,,,,,,
Benjamin Harrison,Millitary Non-Battle Experience,,,0,0,,,,,,,,,,,,
Benjamin Harrison,Close Relative of President,,,0,0,,,,,,,,,,,,
Chester A Arthur,President,9/19/1881,3/4/1885,3.457534247,82,,,,,,,,,,,,
Chester A Arthur,Secretary of State,,,0,0,,,,,,,,,,,,
Chester A Arthur,Secretary of Defense,,,0,0,,,,,,,,,,,,
Chester A Arthur,Secretary of Treasury,,,0,0,,,,,,,,,,,,
Chester A Arthur,Vice President,3/4/1881,9/19/1881,0.5452054795,6.3,,,,,,,,,,,,
Chester A Arthur,Attorney General,,,0,0,,,,,,,,,,,,
Chester A Arthur,Military Supreme Commander,,,0,0,,,,,,,,,,,,
Chester A Arthur,Secretary of Homeland Security,,,0,0,,,,,,,,,,,,
Chester A Arthur,Presidential Chief of Staff,,,0,0,,,,,,,,,,,,
Chester A Arthur,Governor,,,0,0,,,,,,,,,,,,
Chester A Arthur,Speaker of the House,,,0,0,,,,,,,,,,,,
Chester A Arthur,Senate Leadership,,,0,0,,,,,,,,,,,,
Chester A Arthur,CIA Director,,,0,0,,,,,,,,,,,,
Chester A Arthur,General/Admiral,1/1/1861,1/1/1863,2,7.65,,,,,,,,,,,,
Chester A Arthur,Other Cabinent Rank or Under Secretary of major department,,,0,0,,,,,,,,,,,,
Chester A Arthur,Senator,,,0,0,,,,,,,,,,,,
Chester A Arthur,"Other Executive Experience (CEO, Mayor, President of University)",,,0,0,,,,,,,,,,,,
Chester A Arthur,Ambassador,,,0,0,,,,,,,,,,,,
Chester A Arthur,Congressman,,,0,0,,,,,,,,,,,,
Chester A Arthur,Millitary Battle Experience,,,0,0,,,,,,,,,,,,
Chester A Arthur,Millitary Non-Battle Experience,,,0,0,,,,,,,,,,,,
Chester A Arthur,Close Relative of President,,,0,0,,,,,,,,,,,,
James A Garfield,President,3/4/1881,9/19/1881,0.5452054795,14,,,,,,,,,,,,
James A Garfield,Secretary of State,,,0,0,,,,,,,,,,,,
James A Garfield,Secretary of Defense,,,0,0,,,,,,,,,,,,
James A Garfield,Secretary of Treasury,,,0,0,,,,,,,,,,,,
James A Garfield,Vice President,,,0,0,,,,,,,,,,,,
James A Garfield,Attorney General,,,0,0,,,,,,,,,,,,
James A Garfield,Military Supreme Commander,,,0,0,,,,,,,,,,,,
James A Garfield,Secretary of Homeland Security,,,0,0,,,,,,,,,,,,
James A Garfield,Presidential Chief of Staff,,,0,0,,,,,,,,,,,,
James A Garfield,Governor,,,0,0,,,,,,,,,,,,
James A Garfield,Speaker of the House,,,0,0,,,,,,,,,,,,
James A Garfield,Senate Leadership,,,0,0,,,,,,,,,,,,
James A Garfield,CIA Director,,,0,0,,,,,,,,,,,,
James A Garfield,General/Admiral,2/1/1862,12/1/1863,1.830136986,6.75,,,,,,,,,,,,
James A Garfield,Other Cabinent Rank or Under Secretary of major department,,,0,0,,,,,,,,,,,,
James A Garfield,Senator,,,0,0,,,,,,,,,,,,
James A Garfield,"Other Executive Experience (CEO, Mayor, President of University)",,,0,0,,,,,,,,,,,,
James A Garfield,Ambassador,,,0,0,,,,,,,,,,,,
James A Garfield,Congressman,,,0,0,,,,,,,,,,,,
James A Garfield,Millitary Battle Experience,8/1/1861,2/1/1862,0.504109589,0.9,,,,,,,,,,,,
James A Garfield,Millitary Non-Battle Experience,,,0,0,,,,,,,,,,,,
James A Garfield,Close Relative of President,,,0,0,,,,,,,,,,,,
Rutherford B Hayes,President,3/4/1877,3/4/1881,4.002739726,104,,,,,,,,,,,,
Rutherford B Hayes,Secretary of State,,,0,0,,,,,,,,,,,,
Rutherford B Hayes,Secretary of Defense,,,0,0,,,,,,,,,,,,
Rutherford B Hayes,Secretary of Treasury,,,0,0,,,,,,,,,,,,
Rutherford B Hayes,Vice President,,,0,0,,,,,,,,,,,,
Rutherford B Hayes,Attorney General,,,0,0,,,,,,,,,,,,
Rutherford B Hayes,Military Supreme Commander,,,0,0,,,,,,,,,,,,
Rutherford B Hayes,Secretary of Homeland Security,,,0,0,,,,,,,,,,,,
Rutherford B Hayes,Presidential Chief of Staff,,,0,0,,,,,,,,,,,,
Rutherford B Hayes,Governor,1/13/1868,1/8/1872,5.131506849,46.8,1/10/1876,3/2/1877,1.142465753,,,,,,,,,
Rutherford B Hayes,Speaker of the House,,,0,0,,,,,,,,,,,,
Rutherford B Hayes,Senate Leadership,,,0,0,,,,,,,,,,,,
Rutherford B Hayes,CIA Director,,,0,0,,,,,,,,,,,,
Rutherford B Hayes,General/Admiral,10/1/1864,5/24/1865,0.6438356164,3.15,,,,,,,,,,,,
Rutherford B Hayes,Other Cabinent Rank or Under Secretary of major department,,,0,0,,,,,,,,,,,,
Rutherford B Hayes,Senator,,,0,0,,,,,,,,,,,,
Rutherford B Hayes,"Other Executive Experience (CEO, Mayor, President of University)",,,0,0,,,,,,,,,,,,
Rutherford B Hayes,Ambassador,,,0,0,,,,,,,,,,,,
Rutherford B Hayes,Congressman,3/4/1865,7/20/1867,2.378082192,4.4,,,,,,,,,,,,
Rutherford B Hayes,Millitary Battle Experience,,,0,0,,,,,,,,,,,,
Rutherford B Hayes,Millitary Non-Battle Experience,7/1/1861,10/1/1864,3.254794521,3.8,,,,,,,,,,,,
Rutherford B Hayes,Close Relative of President,,,0,0,,,,,,,,,,,,
Ulysses S Grant,President,3/4/1869,3/4/1877,8.005479452,190,,,,,,,,,,,,
Ulysses S Grant,Secretary of State,,,0,0,,,,,,,,,,,,
Ulysses S Grant,Secretary of Defense,,,0,0,,,,,,,,,,,,
Ulysses S Grant,Secretary of Treasury,,,0,0,,,,,,,,,,,,
Ulysses S Grant,Vice President,,,0,0,,,,,,,,,,,,
Ulysses S Grant,Attorney General,,,0,0,,,,,,,,,,,,
Ulysses S Grant,Military Supreme Commander,3/3/1864,4/9/1865,1.101369863,7.65,,,,,,,,,,,,
Ulysses S Grant,Secretary of Homeland Security,,,0,0,,,,,,,,,,,,
Ulysses S Grant,Presidential Chief of Staff,,,0,0,,,,,,,,,,,,
Ulysses S Grant,Governor,,,0,0,,,,,,,,,,,,
Ulysses S Grant,Speaker of the House,,,0,0,,,,,,,,,,,,
Ulysses S Grant,Senate Leadership,,,0,0,,,,,,,,,,,,
Ulysses S Grant,CIA Director,,,0,0,,,,,,,,,,,,
Ulysses S Grant,General/Admiral,7/31/1861,3/3/1864,6.495890411,39.6,4/9/1865,3/4/1869,3.904109589,,,,,,,,,
Ulysses S Grant,Other Cabinent Rank or Under Secretary of major department,,,0,0,,,,,,,,,,,,
Ulysses S Grant,Senator,,,0,0,,,,,,,,,,,,
Ulysses S Grant,"Other Executive Experience (CEO, Mayor, President of University)",,,0,0,,,,,,,,,,,,
Ulysses S Grant,Ambassador,,,0,0,,,,,,,,,,,,
Ulysses S Grant,Congressman,,,0,0,,,,,,,,,,,,
Ulysses S Grant,Millitary Battle Experience,9/30/1843,7/31/1854,11.14246575,14.85,4/12/1861,7/31/1861,0.301369863,,,,,,,,,
Ulysses S Grant,Millitary Non-Battle Experience,,,0,0,,,,,,,,,,,,
Ulysses S Grant,Close Relative of President,,,0,0,,,,,,,,,,,,
Andrew Johnson,President,4/15/1865,3/4/1869,3.887671233,100,,,,,,,,,,,,
Andrew Johnson,Secretary of State,,,0,0,,,,,,,,,,,,
Andrew Johnson,Secretary of Defense,,,0,0,,,,,,,,,,,,
Andrew Johnson,Secretary of Treasury,,,0,0,,,,,,,,,,,,
Andrew Johnson,Vice President,3/4/1865,4/15/1865,0.1150684932,4.5,,,,,,,,,,,,
Andrew Johnson,Attorney General,,,0,0,,,,,,,,,,,,
Andrew Johnson,Military Supreme Commander,,,0,0,,,,,,,,,,,,
Andrew Johnson,Secretary of Homeland Security,,,0,0,,,,,,,,,,,,
Andrew Johnson,Presidential Chief of Staff,,,0,0,,,,,,,,,,,,
Andrew Johnson,Governor,10/17/1853,11/3/1857,7.030136986,59.15,3/12/1862,3/4/1865,2.980821918,,,,,,,,,
Andrew Johnson,Speaker of the House,,,0,0,,,,,,,,,,,,
Andrew Johnson,Senate Leadership,,,0,0,,,,,,,,,,,,
Andrew Johnson,CIA Director,,,0,0,,,,,,,,,,,,
Andrew Johnson,General/Admiral,,,0,0,,,,,,,,,,,,
Andrew Johnson,Other Cabinent Rank or Under Secretary of major department,,,0,0,,,,,,,,,,,,
Andrew Johnson,Senator,10/8/1857,3/4/1862,4.405479452,21,,,,,,,,,,,,
Andrew Johnson,"Other Executive Experience (CEO, Mayor, President of University)",,,0,0,,,,,,,,,,,,
Andrew Johnson,Ambassador,,,0,0,,,,,,,,,,,,
Andrew Johnson,Congressman,3/4/1843,3/3/1853,10.00547945,19.8,,,,,,,,,,,,
Andrew Johnson,Millitary Battle Experience,,,0,0,,,,,,,,,,,,
Andrew Johnson,Millitary Non-Battle Experience,,,0,0,,,,,,,,,,,,
Andrew Johnson,Close Relative of President,,,0,0,,,,,,,,,,,,
Abraham Lincoln,President,3/4/1861,4/15/1865,4.117808219,110,,,,,,,,,,,,
Abraham Lincoln,Secretary of State,,,0,0,,,,,,,,,,,,
Abraham Lincoln,Secretary of Defense,,,0,0,,,,,,,,,,,,
Abraham Lincoln,Secretary of Treasury,,,0,0,,,,,,,,,,,,
Abraham Lincoln,Vice President,,,0,0,,,,,,,,,,,,
Abraham Lincoln,Attorney General,,,0,0,,,,,,,,,,,,
Abraham Lincoln,Military Supreme Commander,,,0,0,,,,,,,,,,,,
Abraham Lincoln,Secretary of Homeland Security,,,0,0,,,,,,,,,,,,
Abraham Lincoln,Presidential Chief of Staff,,,0,0,,,,,,,,,,,,
Abraham Lincoln,Governor,,,0,0,,,,,,,,,,,,
Abraham Lincoln,Speaker of the House,,,0,0,,,,,,,,,,,,
Abraham Lincoln,Senate Leadership,,,0,0,,,,,,,,,,,,
Abraham Lincoln,CIA Director,,,0,0,,,,,,,,,,,,
Abraham Lincoln,General/Admiral,,,0,0,,,,,,,,,,,,
Abraham Lincoln,Other Cabinent Rank or Under Secretary of major department,,,0,0,,,,,,,,,,,,
Abraham Lincoln,Senator,,,0,0,,,,,,,,,,,,
Abraham Lincoln,"Other Executive Experience (CEO, Mayor, President of University)",,,0,0,,,,,,,,,,,,
Abraham Lincoln,Ambassador,,,0,0,,,,,,,,,,,,
Abraham Lincoln,Congressman,3/4/1847,3/3/1849,2,3.4,,,,,,,,,,,,
Abraham Lincoln,Millitary Battle Experience,,,0,0,,,,,,,,,,,,
Abraham Lincoln,Millitary Non-Battle Experience,4/21/1832,7/10/1832,0.2191780822,0.6,,,,,,,,,,,,
Abraham Lincoln,Close Relative of President,,,0,0,,,,,,,,,,,,
James Buchanan,President,3/4/1857,3/4/1861,4.002739726,104,,,,,,,,,,,,
James Buchanan,Secretary of State,3/10/1845,3/7/1849,3.994520548,52,,,,,,,,,,,,
James Buchanan,Secretary of Defense,,,0,0,,,,,,,,,,,,
James Buchanan,Secretary of Treasury,,,0,0,,,,,,,,,,,,
James Buchanan,Vice President,,,0,0,,,,,,,,,,,,
James Buchanan,Attorney General,,,0,0,,,,,,,,,,,,
James Buchanan,Military Supreme Commander,,,0,0,,,,,,,,,,,,
James Buchanan,Secretary of Homeland Security,,,0,0,,,,,,,,,,,,
James Buchanan,Presidential Chief of Staff,,,0,0,,,,,,,,,,,,
James Buchanan,Governor,,,0,0,,,,,,,,,,,,
James Buchanan,Speaker of the House,,,0,0,,,,,,,,,,,,
James Buchanan,Senate Leadership,,,0,0,,,,,,,,,,,,
James Buchanan,CIA Director,,,0,0,,,,,,,,,,,,
James Buchanan,General/Admiral,,,0,0,,,,,,,,,,,,
James Buchanan,Other Cabinent Rank or Under Secretary of major department,,,0,0,,,,,,,,,,,,
James Buchanan,Senator,12/6/1834,3/5/1845,10.25205479,34.65,,,,,,,,,,,,
James Buchanan,"Other Executive Experience (CEO, Mayor, President of University)",,,0,0,,,,,,,,,,,,
James Buchanan,Ambassador,1/4/1832,8/5/1833,4.147945205,13.75,8/23/1853,3/15/1856,2.561643836,Russia,England,,,,,,,
James Buchanan,Congressman,3/4/1821,3/3/1831,10.00273973,19.8,,,,,,,,,,,,
James Buchanan,Millitary Battle Experience,,,0,0,,,,,,,,,,,,
James Buchanan,Millitary Non-Battle Experience,9/12/1814,9/15/1814,0.008219178082,0.5,,,,,,,,,,,,
James Buchanan,Close Relative of President,,,0,0,,,,,,,,,,,,
Franklin Pierce,President,3/4/1853,3/4/1857,4.002739726,104,,,,,,,,,,,,
Franklin Pierce,Secretary of State,,,0,0,,,,,,,,,,,,
Franklin Pierce,Secretary of Defense,,,0,0,,,,,,,,,,,,
Franklin Pierce,Secretary of Treasury,,,0,0,,,,,,,,,,,,
Franklin Pierce,Vice President,,,0,0,,,,,,,,,,,,
Franklin Pierce,Attorney General,,,0,0,,,,,,,,,,,,
Franklin Pierce,Military Supreme Commander,,,0,0,,,,,,,,,,,,
Franklin Pierce,Secretary of Homeland Security,,,0,0,,,,,,,,,,,,
Franklin Pierce,Presidential Chief of Staff,,,0,0,,,,,,,,,,,,
Franklin Pierce,Governor,,,0,0,,,,,,,,,,,,
Franklin Pierce,Speaker of the House,,,0,0,,,,,,,,,,,,
Franklin Pierce,Senate Leadership,,,0,0,,,,,,,,,,,,
Franklin Pierce,CIA Director,,,0,0,,,,,,,,,,,,
Franklin Pierce,General/Admiral,3/3/1847,3/20/1848,1.049315068,4.05,,,,,,,,,,,,
Franklin Pierce,Other Cabinent Rank or Under Secretary of major department,,,0,0,,,,,,,,,,,,
Franklin Pierce,Senator,3/4/1837,2/28/1842,4.991780822,24.5,,,,,,,,,,,,
Franklin Pierce,"Other Executive Experience (CEO, Mayor, President of University)",,,0,0,,,,,,,,,,,,
Franklin Pierce,Ambassador,,,0,0,,,,,,,,,,,,
Franklin Pierce,Congressman,3/4/1833,3/3/1837,4,10.4,,,,,,,,,,,,
Franklin Pierce,Millitary Battle Experience,2/1/1847,3/3/1847,0.08219178082,0.75,,,,,,,,,,,,
Franklin Pierce,Millitary Non-Battle Experience,,,0,0,,,,,,,,,,,,
Franklin Pierce,Close Relative of President,,,0,0,,,,,,,,,,,,
Millard Fillmore,President,7/9/1850,3/4/1853,2.654794521,54,,,,,,,,,,,,
Millard Fillmore,Secretary of State,,,0,0,,,,,,,,,,,,
Millard Fillmore,Secretary of Defense,,,0,0,,,,,,,,,,,,
Millard Fillmore,Secretary of Treasury,,,0,0,,,,,,,,,,,,
Millard Fillmore,Vice President,3/4/1849,7/9/1850,1.347945205,9.9,,,,,,,,,,,,
Millard Fillmore,Attorney General,,,0,0,,,,,,,,,,,,
Millard Fillmore,Military Supreme Commander,,,0,0,,,,,,,,,,,,
Millard Fillmore,Secretary of Homeland Security,,,0,0,,,,,,,,,,,,
Millard Fillmore,Presidential Chief of Staff,,,0,0,,,,,,,,,,,,
Millard Fillmore,Governor,,,0,0,,,,,,,,,,,,
Millard Fillmore,Speaker of the House,,,0,0,,,,,,,,,,,,
Millard Fillmore,Senate Leadership,,,0,0,,,,,,,,,,,,
Millard Fillmore,CIA Director,,,0,0,,,,,,,,,,,,
Millard Fillmore,General/Admiral,,,0,0,,,,,,,,,,,,
Millard Fillmore,Other Cabinent Rank or Under Secretary of major department,,,0,0,,,,,,,,,,,,
Millard Fillmore,Senator,,,0,0,,,,,,,,,,,,
Millard Fillmore,"Other Executive Experience (CEO, Mayor, President of University)",,,0,0,,,,,,,,,,,,
Millard Fillmore,Ambassador,,,0,0,,,,,,,,,,,,
Millard Fillmore,Congressman,3/4/1837,3/3/1843,6,16.6,,,,,,,,,,,,
Millard Fillmore,Millitary Battle Experience,,,0,0,,,,,,,,,,,,
Millard Fillmore,Millitary Non-Battle Experience,,,0,0,,,,,,,,,,,,
Millard Fillmore,Close Relative of President,,,0,0,,,,,,,,,,,,
Zachary Taylor,President,3/4/1849,7/9/1850,1.347945205,22,,,,,,,,,,,,
Zachary Taylor,Secretary of State,,,0,0,,,,,,,,,,,,
Zachary Taylor,Secretary of Defense,,,0,0,,,,,,,,,,,,
Zachary Taylor,Secretary of Treasury,,,0,0,,,,,,,,,,,,
Zachary Taylor,Vice President,,,0,0,,,,,,,,,,,,
Zachary Taylor,Attorney General,,,0,0,,,,,,,,,,,,
Zachary Taylor,Military Supreme Commander,,,0,0,,,,,,,,,,,,
Zachary Taylor,Secretary of Homeland Security,,,0,0,,,,,,,,,,,,
Zachary Taylor,Presidential Chief of Staff,,,0,0,,,,,,,,,,,,
Zachary Taylor,Governor,,,0,0,,,,,,,,,,,,
Zachary Taylor,Speaker of the House,,,0,0,,,,,,,,,,,,
Zachary Taylor,Senate Leadership,,,0,0,,,,,,,,,,,,
Zachary Taylor,CIA Director,,,0,0,,,,,,,,,,,,
Zachary Taylor,General/Admiral,1/1/1838,11/1/1847,9.838356164,44.55,,,,,,,,,,,,
Zachary Taylor,Other Cabinent Rank or Under Secretary of major department,,,0,0,,,,,,,,,,,,
Zachary Taylor,Senator,,,0,0,,,,,,,,,,,,
Zachary Taylor,"Other Executive Experience (CEO, Mayor, President of University)",,,0,0,,,,,,,,,,,,
Zachary Taylor,Ambassador,,,0,0,,,,,,,,,,,,
Zachary Taylor,Congressman,,,0,0,,,,,,,,,,,,
Zachary Taylor,Millitary Battle Experience,5/3/1808,1/1/1838,29.68493151,15,,,,,,,,,,,,
Zachary Taylor,Millitary Non-Battle Experience,,,0,0,,,,,,,,,,,,
Zachary Taylor,Close Relative of President,,,0,0,,,,,,,,,,,,
James K Polk,President,3/4/1845,3/4/1849,4.002739726,104,,,,,,,,,,,,
James K Polk,Secretary of State,,,0,0,,,,,,,,,,,,
James K Polk,Secretary of Defense,,,0,0,,,,,,,,,,,,
James K Polk,Secretary of Treasury,,,0,0,,,,,,,,,,,,
James K Polk,Vice President,,,0,0,,,,,,,,,,,,
James K Polk,Attorney General,,,0,0,,,,,,,,,,,,
James K Polk,Military Supreme Commander,,,0,0,,,,,,,,,,,,
James K Polk,Secretary of Homeland Security,,,0,0,,,,,,,,,,,,
James K Polk,Presidential Chief of Staff,,,0,0,,,,,,,,,,,,
James K Polk,Governor,10/14/1839,10/15/1841,2.005479452,11.05,,,,,,,,,,,,
James K Polk,Speaker of the House,12/7/1835,3/4/1839,3.24109589,20.35,,,,,,,,,,,,
James K Polk,Senate Leadership,,,0,0,,,,,,,,,,,,
James K Polk,CIA Director,,,0,0,,,,,,,,,,,,
James K Polk,General/Admiral,,,0,0,,,,,,,,,,,,
James K Polk,Other Cabinent Rank or Under Secretary of major department,,,0,0,,,,,,,,,,,,
James K Polk,Senator,,,0,0,,,,,,,,,,,,
James K Polk,"Other Executive Experience (CEO, Mayor, President of University)",,,0,0,,,,,,,,,,,,
James K Polk,Ambassador,,,0,0,,,,,,,,,,,,
James K Polk,Congressman,3/4/1825,3/4/1839,14.00821918,20,,,,,,,,,,,,
James K Polk,Millitary Battle Experience,,,0,0,,,,,,,,,,,,
James K Polk,Millitary Non-Battle Experience,,,0,0,,,,,,,,,,,,
James K Polk,Close Relative of President,,,0,0,,,,,,,,,,,,
John Tyler,President,4/4/1841,3/4/1845,3.917808219,102,,,,,,,,,,,,
John Tyler,Secretary of State,,,0,0,,,,,,,,,,,,
John Tyler,Secretary of Defense,,,0,0,,,,,,,,,,,,
John Tyler,Secretary of Treasury,,,0,0,,,,,,,,,,,,
John Tyler,Vice President,3/4/1841,4/4/1841,0.08493150685,4.5,,,,,,,,,,,,
John Tyler,Attorney General,,,0,0,,,,,,,,,,,,
John Tyler,Military Supreme Commander,,,0,0,,,,,,,,,,,,
John Tyler,Secretary of Homeland Security,,,0,0,,,,,,,,,,,,
John Tyler,Presidential Chief of Staff,,,0,0,,,,,,,,,,,,
John Tyler,Governor,12/10/1825,3/4/1827,1.230136986,6.5,,,,,,,,,,,,
John Tyler,Speaker of the House,,,0,0,,,,,,,,,,,,
John Tyler,Senate Leadership,,,0,0,,,,,,,,,,,,
John Tyler,CIA Director,,,0,0,,,,,,,,,,,,
John Tyler,General/Admiral,,,0,0,,,,,,,,,,,,
John Tyler,Other Cabinent Rank or Under Secretary of major department,,,0,0,,,,,,,,,,,,
John Tyler,Senator,3/4/1827,2/29/1836,8.997260274,34.3,,,,,,,,,,,,
John Tyler,"Other Executive Experience (CEO, Mayor, President of University)",,,0,0,,,,,,,,,,,,
John Tyler,Ambassador,,,0,0,,,,,,,,,,,,
John Tyler,Congressman,12/17/1816,3/3/1821,4.210958904,11.2,,,,,,,,,,,,
John Tyler,Millitary Battle Experience,,,0,0,,,,,,,,,,,,
John Tyler,Millitary Non-Battle Experience,,,0,0,,,,,,,,,,,,
John Tyler,Close Relative of President,,,0,0,,,,,,,,,,,,
William Henry Harrison,President,3/4/1841,4/4/1841,0.08493150685,10,,,,,,,,,,,,
William Henry Harrison,Secretary of State,,,0,0,,,,,,,,,,,,
William Henry Harrison,Secretary of Defense,,,0,0,,,,,,,,,,,,
William Henry Harrison,Secretary of Treasury,,,0,0,,,,,,,,,,,,
William Henry Harrison,Vice President,,,0,0,,,,,,,,,,,,
William Henry Harrison,Attorney General,,,0,0,,,,,,,,,,,,
William Henry Harrison,Military Supreme Commander,,,0,0,,,,,,,,,,,,
William Henry Harrison,Secretary of Homeland Security,,,0,0,,,,,,,,,,,,
William Henry Harrison,Presidential Chief of Staff,,,0,0,,,,,,,,,,,,
William Henry Harrison,Governor,1/10/1801,12/28/1812,11.97260274,65,Indiana Territory,,,,,,,,,,,
William Henry Harrison,Speaker of the House,,,0,0,,,,,,,,,,,,
William Henry Harrison,Senate Leadership,,,0,0,,,,,,,,,,,,
William Henry Harrison,CIA Director,,,0,0,,,,,,,,,,,,
William Henry Harrison,General/Admiral,8/22/1812,5/31/1814,1.77260274,6.75,,,,,,,,,,,,
William Henry Harrison,Other Cabinent Rank or Under Secretary of major department,6/28/1798,10/1/1799,1.260273973,4,,,,,,,,,,,,
William Henry Harrison,Senator,3/4/1825,5/20/1828,3.21369863,12.95,,,,,,,,,,,,
William Henry Harrison,"Other Executive Experience (CEO, Mayor, President of University)",,,0,0,,,,,,,,,,,,
William Henry Harrison,Ambassador,5/24/1828,9/26/1829,1.342465753,2.75,Columbia,,,,,,,,,,,
William Henry Harrison,Congressman,10/8/1816,3/3/1819,3.594520548,8.8,3/4/1799,5/14/1800,1.194520548,Nortwest Territory,,,,,,,,
William Henry Harrison,Millitary Battle Experience,8/19/1791,6/1/1978,186.9068493,15,,,,,,,,,,,,
William Henry Harrison,Millitary Non-Battle Experience,,,0,0,,,,,,,,,,,,
William Henry Harrison,Close Relative of President,,,0,0,,,,,,,,,,,,
Martin Van Buren,President,3/4/1837,3/4/1841,4.002739726,104,,,,,,,,,,,,
Martin Van Buren,Secretary of State,3/28/1829,5/23/1831,2.153424658,19,,,,,,,,,,,,
Martin Van Buren,Secretary of Defense,,,0,0,,,,,,,,,,,,
Martin Van Buren,Secretary of Treasury,,,0,0,,,,,,,,,,,,
Martin Van Buren,Vice President,3/4/1833,3/4/1837,4.002739726,46.8,,,,,,,,,,,,
Martin Van Buren,Attorney General,,,0,0,,,,,,,,,,,,
Martin Van Buren,Military Supreme Commander,,,0,0,,,,,,,,,,,,
Martin Van Buren,Secretary of Homeland Security,,,0,0,,,,,,,,,,,,
Martin Van Buren,Presidential Chief of Staff,,,0,0,,,,,,,,,,,,
Martin Van Buren,Governor,1/1/1829,3/12/1829,0.1917808219,3.25,,,,,,,,,,,,
Martin Van Buren,Speaker of the House,,,0,0,,,,,,,,,,,,
Martin Van Buren,Senate Leadership,,,0,0,,,,,,,,,,,,
Martin Van Buren,CIA Director,,,0,0,,,,,,,,,,,,
Martin Van Buren,General/Admiral,,,0,0,,,,,,,,,,,,
Martin Van Buren,Other Cabinent Rank or Under Secretary of major department,,,0,0,,,,,,,,,,,,
Martin Van Buren,Senator,3/4/1821,12/20/1828,7.802739726,33.25,,,,,,,,,,,,
Martin Van Buren,"Other Executive Experience (CEO, Mayor, President of University)",,,0,0,,,,,,,,,,,,
Martin Van Buren,Ambassador,8/8/1831,4/4/1832,0.6575342466,1.75,,,,,,,,,,,,
Martin Van Buren,Congressman,,,0,0,,,,,,,,,,,,
Martin Van Buren,Millitary Battle Experience,,,0,0,,,,,,,,,,,,
Martin Van Buren,Millitary Non-Battle Experience,,,0,0,,,,,,,,,,,,
Martin Van Buren,Close Relative of President,,,0,0,,,,,,,,,,,,
Andrew Jackson,President,3/4/1829,3/4/1837,8.005479452,190,,,,,,,,,,,,
Andrew Jackson,Secretary of State,,,0,0,,,,,,,,,,,,
Andrew Jackson,Secretary of Defense,,,0,0,,,,,,,,,,,,
Andrew Jackson,Secretary of Treasury,,,0,0,,,,,,,,,,,,
Andrew Jackson,Vice President,,,0,0,,,,,,,,,,,,
Andrew Jackson,Attorney General,,,0,0,,,,,,,,,,,,
Andrew Jackson,Military Supreme Commander,,,0,0,,,,,,,,,,,,
Andrew Jackson,Secretary of Homeland Security,,,0,0,,,,,,,,,,,,
Andrew Jackson,Presidential Chief of Staff,,,0,0,,,,,,,,,,,,
Andrew Jackson,Governor,3/10/1821,12/31/1821,0.8109589041,5.2,Military Governor of Florida,,,,,,,,,,,
Andrew Jackson,Speaker of the House,,,0,0,,,,,,,,,,,,
Andrew Jackson,Senate Leadership,,,0,0,,,,,,,,,,,,
Andrew Jackson,CIA Director,,,0,0,,,,,,,,,,,,
Andrew Jackson,General/Admiral,8/9/1814,3/10/1821,6.589041096,39.6,,,,,,,,,,,,
Andrew Jackson,Other Cabinent Rank or Under Secretary of major department,,,0,0,,,,,,,,,,,,
Andrew Jackson,Senator,3/4/1823,10/14/1825,2.616438356,9.1,,,,,,,,,,,,
Andrew Jackson,"Other Executive Experience (CEO, Mayor, President of University)",,,0,0,,,,,,,,,,,,
Andrew Jackson,Ambassador,,,0,0,,,,,,,,,,,,
Andrew Jackson,Congressman,12/4/1796,9/26/1797,0.8109589041,1.6,,,,,,,,,,,,
Andrew Jackson,Millitary Battle Experience,7/21/1813,8/9/1814,1.052054795,1.35,,,,,,,,,,,,
Andrew Jackson,Millitary Non-Battle Experience,,,0,0,,,,,,,,,,,,
Andrew Jackson,Close Relative of President,,,0,0,,,,,,,,,,,,
John Quincy Adams,President,3/4/1825,3/4/1829,4.002739726,104,,,,,,,,,,,,
John Quincy Adams,Secretary of State,9/22/1817,3/4/1825,7.452054795,93,,,,,,,,,,,,
John Quincy Adams,Secretary of Defense,,,0,0,,,,,,,,,,,,
John Quincy Adams,Secretary of Treasury,,,0,0,,,,,,,,,,,,
John Quincy Adams,Vice President,,,0,0,,,,,,,,,,,,
John Quincy Adams,Attorney General,,,0,0,,,,,,,,,,,,
John Quincy Adams,Military Supreme Commander,,,0,0,,,,,,,,,,,,
John Quincy Adams,Secretary of Homeland Security,,,0,0,,,,,,,,,,,,
John Quincy Adams,Presidential Chief of Staff,,,0,0,,,,,,,,,,,,
John Quincy Adams,Governor,,,0,0,,,,,,,,,,,,
John Quincy Adams,Speaker of the House,,,0,0,,,,,,,,,,,,
John Quincy Adams,Senate Leadership,,,0,0,,,,,,,,,,,,
John Quincy Adams,CIA Director,,,0,0,,,,,,,,,,,,
John Quincy Adams,General/Admiral,,,0,0,,,,,,,,,,,,
John Quincy Adams,Other Cabinent Rank or Under Secretary of major department,,,0,0,,,,,,,,,,,,
John Quincy Adams,Senator,3/4/1803,6/8/1808,5.268493151,25.9,,,,,,,,,,,,
John Quincy Adams,"Other Executive Experience (CEO, Mayor, President of University)",,,0,0,,,,,,,,,,,,
John Quincy Adams,Ambassador,11/6/1794,6/20/1797,13.92054795,25,4/28/1814,9/22/1817,3.405479452,England,11/5/1809,4/28/1814,4.479452055,Russia,12/5/1797,5/5/1801,3.41369863,Prussia
John Quincy Adams,Congressman,,,0,0,,,,,,,,,,,,
John Quincy Adams,Millitary Battle Experience,,,0,0,,,,,,,,,,,,
John Quincy Adams,Millitary Non-Battle Experience,,,0,0,,,,,,,,,,,,
John Quincy Adams,Close Relative of President,3/4/1797,3/4/1801,4,5.2,,,,,,,,,,,,
James Monroe,President,3/4/1817,3/4/1825,8.005479452,190,,,,,,,,,,,,
James Monroe,Secretary of State,4/2/1811,3/4/1817,5.926027397,82,,,,,,,,,,,,
James Monroe,Secretary of Defense,9/27/1814,3/2/1815,0.4273972603,6,War,,,,,,,,,,,
James Monroe,Secretary of Treasury,,,0,0,,,,,,,,,,,,
James Monroe,Vice President,,,0,0,,,,,,,,,,,,
James Monroe,Attorney General,,,0,0,,,,,,,,,,,,
James Monroe,Military Supreme Commander,,,0,0,,,,,,,,,,,,
James Monroe,Secretary of Homeland Security,,,0,0,,,,,,,,,,,,
James Monroe,Presidential Chief of Staff,,,0,0,,,,,,,,,,,,
James Monroe,Governor,12/28/1799,12/1/1802,5.852054795,53.3,1/16/1811,4/2/1811,2.926027397,,,,,,,,,
James Monroe,Speaker of the House,,,0,0,,,,,,,,,,,,
James Monroe,Senate Leadership,,,0,0,,,,,,,,,,,,
James Monroe,CIA Director,,,0,0,,,,,,,,,,,,
James Monroe,General/Admiral,,,0,0,,,,,,,,,,,,
James Monroe,Other Cabinent Rank or Under Secretary of major department,,,0,0,,,,,,,,,,,,
James Monroe,Senator,11/9/1790,3/29/1794,6.4,30.45,11/3/1783,11/7/1786,3.01369863,,,,,,,,,
James Monroe,"Other Executive Experience (CEO, Mayor, President of University)",,,0,0,,,,,,,,,,,,
James Monroe,Ambassador,5/28/1794,9/9/1796,7.150684932,23,4/18/1803,2/26/1808,4.863013699,France,England,,,,,,,
James Monroe,Congressman,,,0,0,,,,,,,,,,,,
James Monroe,Millitary Battle Experience,12/28/1775,9/1/1779,3.679452055,6.9,,,,,,,,,,,,
James Monroe,Millitary Non-Battle Experience,,,0,0,,,,,,,,,,,,
James Monroe,Close Relative of President,,,0,0,,,,,,,,,,,,
James Madison,President,3/4/1809,3/4/1817,8.005479452,190,,,,,,,,,,,,
James Madison,Secretary of State,5/2/1801,3/3/1809,7.84109589,95,,,,,,,,,,,,
James Madison,Secretary of Defense,,,0,0,,,,,,,,,,,,
James Madison,Secretary of Treasury,,,0,0,,,,,,,,,,,,
James Madison,Vice President,,,0,0,,,,,,,,,,,,
James Madison,Attorney General,,,0,0,,,,,,,,,,,,
James Madison,Military Supreme Commander,,,0,0,,,,,,,,,,,,
James Madison,Secretary of Homeland Security,,,0,0,,,,,,,,,,,,
James Madison,Presidential Chief of Staff,,,0,0,,,,,,,,,,,,
James Madison,Governor,,,0,0,,,,,,,,,,,,
James Madison,Speaker of the House,,,0,0,,,,,,,,,,,,
James Madison,Senate Leadership,,,0,0,,,,,,,,,,,,
James Madison,CIA Director,,,0,0,,,,,,,,,,,,
James Madison,General/Admiral,,,0,0,,,,,,,,,,,,
James Madison,Other Cabinent Rank or Under Secretary of major department,,,0,0,,,,,,,,,,,,
James Madison,Senator,3/1/1781,11/1/1783,5.673972603,28,1/1/1780,1/1/1783,3.002739726,Confederation Congress,Contental Congress,,,,,,,
James Madison,"Other Executive Experience (CEO, Mayor, President of University)",,,0,0,,,,,,,,,,,,
James Madison,Ambassador,,,0,0,,,,,,,,,,,,
James Madison,Congressman,3/4/1789,3/4/1797,8.005479452,19,,,,,,,,,,,,
James Madison,Millitary Battle Experience,,,0,0,,,,,,,,,,,,
James Madison,Millitary Non-Battle Experience,,,0,0,,,,,,,,,,,,
James Madison,Close Relative of President,,,0,0,,,,,,,,,,,,
Thomas Jefferson,President,3/4/1801,3/4/1809,8.005479452,190,,,,,,,,,,,,
Thomas Jefferson,Secretary of State,3/22/1790,12/31/1793,3.780821918,48,,,,,,,,,,,,
Thomas Jefferson,Secretary of Defense,,,0,0,,,,,,,,,,,,
Thomas Jefferson,Secretary of Treasury,,,0,0,,,,,,,,,,,,
Thomas Jefferson,Vice President,3/4/1797,3/4/1801,4,46.8,,,,,,,,,,,,
Thomas Jefferson,Attorney General,,,0,0,,,,,,,,,,,,
Thomas Jefferson,Military Supreme Commander,,,0,0,,,,,,,,,,,,
Thomas Jefferson,Secretary of Homeland Security,,,0,0,,,,,,,,,,,,
Thomas Jefferson,Presidential Chief of Staff,,,0,0,,,,,,,,,,,,
Thomas Jefferson,Governor,6/1/1779,6/3/1781,2.008219178,11.05,,,,,,,,,,,,
Thomas Jefferson,Speaker of the House,,,0,0,,,,,,,,,,,,
Thomas Jefferson,Senate Leadership,,,0,0,,,,,,,,,,,,
Thomas Jefferson,CIA Director,,,0,0,,,,,,,,,,,,
Thomas Jefferson,General/Admiral,,,0,0,,,,,,,,,,,,
Thomas Jefferson,Other Cabinent Rank or Under Secretary of major department,,,0,0,,,,,,,,,,,,
Thomas Jefferson,Senator,11/3/1783,5/7/1784,1.780821918,5.25,6/20/1775,9/26/1776,1.271232877,Contental Congress,,,,,,,,
Thomas Jefferson,"Other Executive Experience (CEO, Mayor, President of University)",,,0,0,,,,,,,,,,,,
Thomas Jefferson,Ambassador,5/17/1785,9/26/1789,4.364383562,14.75,France,,,,,,,,,,,
Thomas Jefferson,Congressman,,,0,0,,,,,,,,,,,,
Thomas Jefferson,Millitary Battle Experience,,,0,0,,,,,,,,,,,,
Thomas Jefferson,Millitary Non-Battle Experience,,,0,0,,,,,,,,,,,,
Thomas Jefferson,Close Relative of President,,,0,0,,,,,,,,,,,,
John Adams,President,3/4/1797,3/4/1801,4,104,,,,,,,,,,,,
John Adams,Secretary of State,,,0,0,,,,,,,,,,,,
John Adams,Secretary of Defense,,,0,0,,,,,,,,,,,,
John Adams,Secretary of Treasury,,,0,0,,,,,,,,,,,,
John Adams,Vice President,4/21/1789,3/4/1797,7.873972603,85.5,,,,,,,,,,,,
John Adams,Attorney General,,,0,0,,,,,,,,,,,,
John Adams,Military Supreme Commander,,,0,0,,,,,,,,,,,,
John Adams,Secretary of Homeland Security,,,0,0,,,,,,,,,,,,
John Adams,Presidential Chief of Staff,,,0,0,,,,,,,,,,,,
John Adams,Governor,,,0,0,,,,,,,,,,,,
John Adams,Speaker of the House,,,0,0,,,,,,,,,,,,
John Adams,Senate Leadership,,,0,0,,,,,,,,,,,,
John Adams,CIA Director,,,0,0,,,,,,,,,,,,
John Adams,General/Admiral,,,0,0,,,,,,,,,,,,
John Adams,Other Cabinent Rank or Under Secretary of major department,,,0,0,,,,,,,,,,,,
John Adams,Senator,9/5/1774,10/26/1774,3.273972603,13.3,5/10/1775,6/27/1778,3.134246575,,,,,,,,,
John Adams,"Other Executive Experience (CEO, Mayor, President of University)",,,0,0,,,,,,,,,,,,
John Adams,Ambassador,4/1/1778,6/17/1779,10.15890411,24.75,4/19/1782,3/30/1788,5.950684932,4/1/1785,3/30/1788,2.997260274,France,Netherlands,St James,,,
John Adams,Congressman,,,0,0,,,,,,,,,,,,
John Adams,Millitary Battle Experience,,,0,0,,,,,,,,,,,,
John Adams,Millitary Non-Battle Experience,,,0,0,,,,,,,,,,,,
John Adams,Close Relative of President,,,0,0,,,,,,,,,,,,
George Washington,President,4/30/1789,3/4/1797,7.849315068,190,,,,,,,,,,,,
George Washington,Secretary of State,,,0,0,,,,,,,,,,,,
George Washington,Secretary of Defense,,,0,0,,,,,,,,,,,,
George Washington,Secretary of Treasury,,,0,0,,,,,,,,,,,,
George Washington,Vice President,,,0,0,,,,,,,,,,,,
George Washington,Attorney General,,,0,0,,,,,,,,,,,,
George Washington,Military Supreme Commander,6/15/1775,12/23/1783,8.528767123,82.45,,,,,,,,,,,,
George Washington,Secretary of Homeland Security,,,0,0,,,,,,,,,,,,
George Washington,Presidential Chief of Staff,,,0,0,,,,,,,,,,,,
George Washington,Governor,,,0,0,,,,,,,,,,,,
George Washington,Speaker of the House,,,0,0,,,,,,,,,,,,
George Washington,Senate Leadership,,,0,0,,,,,,,,,,,,
George Washington,CIA Director,,,0,0,,,,,,,,,,,,
George Washington,General/Admiral,,,0,0,,,,,,,,,,,,
George Washington,Other Cabinent Rank or Under Secretary of major department,,,0,0,,,,,,,,,,,,
George Washington,Senator,5/10/1775,6/15/1775,0.2383561644,2.1,9/5/1774,10/26/1774,0.1397260274,,,,,,,,,
George Washington,"Other Executive Experience (CEO, Mayor, President of University)",,,0,0,,,,,,,,,,,,
George Washington,Ambassador,,,0,0,,,,,,,,,,,,
George Washington,Congressman,,,0,0,,,,,,,,,,,,
George Washington,Millitary Battle Experience,2/1/1753,12/1/1758,5.832876712,12.15,,,,,,,,,,,,
George Washington,Millitary Non-Battle Experience,,,0,0,,,,,,,,,,,,
George Washington,Close Relative of President,,,0,0,,,,,,,,,,,,